player_name,player_age,player_country,elo_rating,tournament_date,tournament_location,tournament_round,tournament_result
Corbet Leppo,83,China,2617,9/12/2022,Yantak,5,Loss
Libby Leatham,38,China,2682,2/24/2022,Zhenshan,8,Draw
Molly Hollibone,38,Thailand,1756,9/7/2022,Wang Nam Yen,8,Win
Sullivan Marjoribanks,33,Canada,1115,5/18/2022,Lachute,15,Draw
Esta Brumbye,78,Indonesia,2423,10/9/2022,Pantai Ceuremen,9,Draw
Gwennie St. Clair,49,United Kingdom,2085,12/11/2022,Eaton,4,Draw
Tina Archibald,63,Sweden,2864,1/18/2022,Herrljunga,12,Win
Binky Chamley,64,Indonesia,1282,11/10/2022,Kepel,3,Win
Reinaldos Fordham,76,Serbia,2217,5/10/2022,Srpska Crnja,4,Loss
Charmine Audas,26,China,1971,12/4/2022,Xiongzhang,14,Win
Patten Gorghetto,39,Indonesia,1475,7/10/2022,Nangkaruka,7,Loss
Pippo Dalmon,43,Indonesia,2779,10/13/2022,Cangkuang,11,Draw
Verina Frie,71,China,1125,4/11/2022,Derbur,11,Win
Jillie Abrahamoff,26,China,2833,4/16/2022,Jukui,5,Draw
Malchy Oda,32,Venezuela,1080,11/28/2022,Clarines,10,Win
Ania Warret,33,Honduras,2129,5/7/2022,Silca,12,Loss
Neilla Tournay,35,Thailand,2735,3/18/2022,Aranyaprathet,3,Win
Magdalena Sloat,42,Brazil,1617,10/8/2022,Rio Largo,11,Win
Ogdon McCray,56,Indonesia,1813,5/15/2022,Cipesing,2,Win
Charlene Elleray,49,Czech Republic,1772,8/28/2022,Konice,7,Draw
Oran Hindrick,67,China,2296,5/3/2022,Qujiang,5,Win
Palm Gabala,43,Russia,1876,4/14/2022,Bolotnoye,5,Win
Briant Mangin,24,Macedonia,2874,9/20/2022,Pršovce,12,Draw
Joete Trett,49,Japan,2881,3/28/2022,Annaka,8,Loss
Dieter Leadston,37,Indonesia,2074,8/4/2022,Watublapi,3,Win
Damara McCullough,62,Sudan,1909,5/6/2022,Kassala,9,Win
Eran Mowsley,66,Argentina,2042,11/21/2022,Sunchales,7,Draw
Rachele Sunshine,73,Indonesia,1184,7/13/2022,Bangbayang,6,Loss
Rodge Cattach,80,Poland,2714,7/17/2022,Sanok,6,Draw
Carmine Arnald,32,Russia,2628,11/4/2022,Krasnyye Barrikady,2,Loss
Wilona Mounsey,27,Cameroon,1269,9/30/2022,Belo,12,Loss
Israel Groves,57,Indonesia,2844,6/11/2022,Muke,4,Win
Finley Danielou,33,Poland,2233,5/2/2022,Głuchów,11,Draw
Jase Le Gassick,70,Czech Republic,2589,10/12/2022,Staré Město,8,Draw
Shea Talboy,52,Hong Kong,2073,4/30/2022,Tuen Mun,14,Draw
Amos Riditch,67,Canada,1148,6/24/2022,Saint-Ambroise,2,Win
Darlene Faull,57,Ukraine,1541,9/30/2022,Kalynivka,5,Draw
Giorgia Tarbin,75,Peru,1478,8/18/2022,Chiara,8,Loss
Katherina Spain,43,Ukraine,1981,7/17/2022,Velyki Mezhyrichi,15,Win
Adella Whether,67,China,1480,6/10/2022,Shicang,13,Draw
Kassey Buske,58,Philippines,2903,2/11/2022,Tucdao,1,Draw
Bendick Georgiev,21,Canada,2715,12/15/2022,Maple Ridge,7,Loss
Kent Maude,44,China,2363,9/22/2022,Zhongtong,15,Draw
Butch Kobierski,78,Colombia,2959,1/6/2022,Junín,1,Loss
Casie Learmond,50,Thailand,1683,1/5/2022,Suan Luang,10,Win
Sherlocke Colyer,72,Russia,1615,3/10/2022,Ferapontovo,14,Draw
Mei MacPeice,68,Portugal,1717,9/21/2022,Valtelheiro,4,Win
Lazarus Sexon,42,Nigeria,1873,9/20/2022,Damaturu,3,Win
Khalil Epton,23,Portugal,2015,4/26/2022,Miragaia,8,Win
Sven Corre,79,China,1887,11/26/2022,Xihuachi,8,Draw
Stephana Dyas,77,Uzbekistan,1597,5/23/2022,Beruniy,4,Loss
Buddy Rapin,19,Russia,2430,3/5/2022,Gorskaya,8,Loss
Shae Matthew,32,Portugal,2712,4/2/2022,Pereiro,7,Draw
Ruby Wilbud,78,Canada,1301,5/3/2022,Bridgewater,2,Win
Monti Shepcutt,66,Cyprus,1265,11/19/2022,Pégeia,14,Draw
Naoma Mongin,51,Indonesia,1584,6/3/2022,Teminabuan,8,Loss
Doll Franssen,44,Libya,1160,2/24/2022,Tarhuna,14,Loss
Cherrita Surgenor,36,Norway,1516,4/3/2022,Trondheim,7,Loss
Menard Bradbury,84,Japan,2315,12/29/2022,Tomobe,4,Loss
Galina Devil,38,Colombia,1720,5/15/2022,San Jacinto,10,Draw
Sonja Covotto,69,China,1412,2/16/2022,Yingcui,1,Win
Mauricio Blacklidge,62,Japan,2474,10/1/2022,Sandachō,15,Draw
Judas Tace,63,Indonesia,2281,7/7/2022,Tutem,7,Win
Robbie Brackenridge,24,Indonesia,2795,2/18/2022,Sawahan,14,Draw
Caz Mawhinney,51,Malaysia,1726,12/27/2022,Kuala Terengganu,7,Draw
Jody Antonin,29,Venezuela,2051,7/18/2022,Maripa,13,Loss
Jacqueline Shawcroft,79,China,2035,6/28/2022,Huancheng,5,Loss
Harlen Eyers,44,Cuba,2708,9/12/2022,Minas,13,Win
Malena Pamplin,25,Greece,2005,11/7/2022,Nisí,15,Win
Jacquelin Timmermann,75,France,2458,8/29/2022,Lyon,11,Win
Calla Apfelmann,48,Chile,1613,5/1/2022,Cabrero,14,Draw
Hayley Southerden,24,China,1194,11/6/2022,Baimiao,7,Loss
Burch Fedorchenko,33,Brazil,2129,7/25/2022,Brasília,14,Loss
Torrey Del Checolo,51,Sweden,2594,2/22/2022,Alunda,11,Draw
Edgard Reggler,31,Norway,2959,10/12/2022,Oslo,13,Win
Adrienne Weatherup,33,China,2012,6/19/2022,Chikeng,13,Draw
Karie Upchurch,73,Honduras,1783,11/18/2022,El Llano,2,Win
Esra Cheson,67,Honduras,2461,12/8/2022,Valle de Ángeles,4,Win
Giles Streeten,83,Czech Republic,1263,4/14/2022,Solnice,3,Loss
Lewiss McCrory,22,Russia,2194,5/7/2022,Uren’,8,Win
Rafi Fader,73,Poland,2320,11/29/2022,Ożarów,11,Loss
King Presnall,37,Vietnam,1018,6/23/2022,Phú Vang,12,Loss
Heath Maton,85,Panama,2308,10/6/2022,Vista Hermosa,1,Draw
Karine Hedingham,74,Malta,2415,3/20/2022,Senglea,14,Win
Valerie Gobbett,67,Namibia,2787,5/21/2022,Omaruru,15,Loss
Kissiah Nolte,46,Czech Republic,2822,11/7/2022,Dolany,8,Loss
Temple Rozalski,76,Russia,2530,9/6/2022,Kudinovo,1,Loss
Luciana Cohani,34,Ireland,2928,3/4/2022,Daingean,1,Loss
Lamond Kleinmann,64,Hungary,2336,7/22/2022,Ózd,15,Draw
Darcy Loncaster,50,Greece,1119,10/9/2022,Vrakháti,11,Loss
Whitaker Just,58,Kosovo,1418,3/21/2022,Prilep,6,Loss
Korie McDonogh,75,Kenya,2498,3/8/2022,Thika,14,Win
Annamaria De Andisie,47,China,2953,11/24/2022,Jiangluo,6,Loss
Glynn Andrew,29,Indonesia,1768,9/9/2022,Rungkam,4,Loss
Anthe Donnachie,84,Russia,1844,4/14/2022,Vladimirskaya,6,Draw
Nananne Palfrie,84,Brazil,1929,4/26/2022,Vargem Grande do Sul,4,Loss
Flinn Server,29,Indonesia,2785,10/6/2022,Ronggo,13,Win
Florella Fenna,43,Greece,1977,8/30/2022,Khiliomódhi,12,Loss
Shawn Agron,24,Ukraine,2281,9/10/2022,Spas’ke,12,Win
Riccardo O'Leagham,19,China,2117,5/11/2022,Linquan,5,Loss
Carry Pratchett,22,Indonesia,2309,3/30/2022,Sorong,13,Loss
Frasco Corrao,40,Thailand,1287,2/12/2022,Yala,8,Win
Isobel Pietersen,38,China,1506,6/19/2022,Qumudi,15,Loss
Chadd Brind,66,Indonesia,1769,7/9/2022,Tumu,8,Win
Paten Thorogood,52,Peru,1282,3/14/2022,Alis,14,Draw
Barrie Rushe,51,Argentina,2054,7/20/2022,General Villegas,9,Draw
Geno Aggas,67,China,1895,8/11/2022,Wu’erqihan,6,Loss
Bartholomeo Goodacre,77,China,1138,5/11/2022,Wulin,4,Loss
Kissiah Redsell,54,Luxembourg,1375,7/27/2022,Eschweiler,3,Draw
Thomas Jeanes,49,Greece,2882,12/20/2022,Kouloúra,3,Loss
Modestine Tremelling,85,Jamaica,1578,8/22/2022,Port Maria,10,Draw
Brook Bullough,73,Indonesia,2685,9/28/2022,Mulyosari,2,Win
Ari McBryde,55,Brazil,2752,3/20/2022,Currais Novos,8,Loss
Shayne Jermin,26,Russia,1061,12/5/2022,Leshukonskoye,12,Loss
Cliff Hugli,35,Germany,2301,4/12/2022,Köln,9,Draw
Brittani Weiner,84,Poland,1790,3/25/2022,Złoczew,14,Draw
Rhodia Fair,83,Czech Republic,1992,4/19/2022,Králův Dvůr,8,Win
Artair Wass,69,Brazil,2406,12/20/2022,Ilhabela,2,Loss
Cornelius Wemm,60,Czech Republic,2410,12/19/2022,Vilémov,2,Loss
Caty Vanshin,57,Ethiopia,1916,11/22/2022,Mekele,3,Draw
Alexandra Birchill,85,Croatia,1679,3/13/2022,Stobreč,14,Draw
Jillie Zywicki,32,China,1841,12/11/2022,Zaoxi,12,Draw
Maurita Poe,66,Thailand,2235,10/6/2022,Chon Daen,2,Win
Katerina Bennison,40,Argentina,2640,8/25/2022,Corral de Bustos,1,Draw
Abagael Crossman,21,China,2186,2/18/2022,Qinghua,10,Loss
Fenelia Bocken,70,China,2091,12/1/2022,Zhonghouhe,14,Draw
Rasla Mucci,21,France,2692,3/21/2022,Montreuil,7,Win
Vilma Kilner,51,Brazil,1846,6/30/2022,Passo Fundo,15,Loss
Lexie Benduhn,74,Russia,2853,5/24/2022,Petrodvorets,6,Draw
Lenna Newing,85,Nicaragua,1173,8/20/2022,Diriomo,9,Loss
Killy Robker,74,China,1420,9/12/2022,Jiabeiyan,11,Loss
Ibbie Ogelsby,63,China,1392,1/28/2022,Donggaohuang,6,Draw
Gage Corney,42,China,2846,11/18/2022,Shangdian,5,Loss
Georgy Cutts,19,Philippines,2974,2/15/2022,Balugo,4,Win
Allegra Donan,76,China,1192,8/30/2022,Caijiapu,15,Draw
Cary Hurring,48,Colombia,1710,10/1/2022,Urrao,12,Draw
Jorge Pierse,77,Greece,2159,10/12/2022,Ambelókipoi,8,Win
Serena Batchan,29,Guatemala,1489,10/16/2022,El Jícaro,7,Draw
Gregoor Spelman,53,Taiwan,2866,1/18/2022,Miaoli,2,Loss
Beatrix Abbey,72,Croatia,1658,4/27/2022,Ludbreg,5,Draw
Jojo Melia,20,Philippines,2125,6/16/2022,Dulag,12,Draw
Shina Ottee,64,Czech Republic,2607,10/26/2022,Radiměř,13,Loss
Eugen Dametti,28,Thailand,2983,12/15/2022,Trakan Phut Phon,1,Loss
Murray Baignard,20,Poland,1772,11/6/2022,Nowe Warpno,6,Draw
Ursula Espinheira,52,Albania,2330,6/5/2022,Korçë,13,Win
Nonie Avramovsky,39,Sweden,2172,10/14/2022,Lidingö,4,Loss
Goldina Levington,81,Russia,1548,4/10/2022,Saraktash,1,Win
Jamesy Nelissen,61,Morocco,1873,5/29/2022,Zouiat ech Cheïkh,2,Draw
Rodina Boultwood,41,Thailand,2932,3/14/2022,Si Thep,2,Win
Alexina Brooke,83,Poland,1421,10/5/2022,Białogard,15,Draw
Vivie McAllen,30,Nepal,1963,8/26/2022,Birātnagar,12,Loss
Karlotte Amies,22,Peru,2405,10/7/2022,Longar,9,Loss
Christyna Sommerton,46,Botswana,2998,7/14/2022,Palapye,12,Draw
Cami Hawkeridge,77,Russia,1016,1/18/2022,Staraya Ladoga,9,Loss
Nelie Chipps,78,Philippines,2520,6/26/2022,Botao,8,Win
Dexter Geldert,58,Poland,2956,3/22/2022,Zagórnik,11,Draw
Sinclair Zapater,62,Canada,2339,9/9/2022,Notre-Dame-de-l'Île-Perrot,6,Draw
Carmel Sundin,44,China,1349,6/29/2022,Yege,7,Loss
Donn Wavish,42,Poland,1475,8/30/2022,Sączów,11,Draw
Eydie Gerding,67,Poland,1836,7/22/2022,Kołczygłowy,8,Draw
Danila Grimme,59,United States,1529,1/15/2022,Cincinnati,11,Win
Kriste Chugg,18,Russia,1352,10/29/2022,L’govskiy,15,Win
Cal Mapledoore,27,Russia,1276,6/26/2022,Zherdevka,5,Win
Aldin Hurley,22,China,1846,7/30/2022,Shuangqiao,5,Loss
Sharron Newbury,73,Poland,1731,7/12/2022,Truskolasy,12,Win
Rob Garrud,38,Egypt,2001,2/28/2022,Al Quşayr,7,Win
Gene Shipway,71,Poland,2037,2/12/2022,Pieniężno,3,Win
Randie Carverhill,72,Serbia,1328,12/5/2022,Kučevo,15,Win
Emogene Lorenzini,45,Indonesia,1285,8/27/2022,Pakenjeng,13,Win
Giorgia Schoffler,48,Mexico,2287,12/7/2022,Fovissste,2,Loss
Tye Sinclair,40,China,1165,11/21/2022,Beicheng,14,Loss
Darryl Tothacot,43,Greece,2048,7/22/2022,Metsovo,7,Draw
Ezekiel Drakes,30,China,1629,1/21/2022,Choujiang,9,Draw
Edwina Alecock,78,Philippines,1033,6/1/2022,Maputi,12,Draw
Brantley Keuneke,60,Brazil,1408,4/19/2022,Janaúba,1,Win
Tildi Vallens,24,Spain,1276,1/16/2022,Ceuta,15,Loss
Eran Nekrews,67,China,1573,11/13/2022,Huangzhai,4,Win
Erda Myott,32,Peru,2711,10/18/2022,Acobamba,4,Draw
Wanids Skipsey,79,Czech Republic,1849,1/15/2022,Černý Most,11,Draw
Lyle Bellingham,46,Russia,1847,1/13/2022,Nyurba,8,Draw
Alvie Hacquoil,58,China,2635,1/17/2022,Gaojialing,1,Loss
Clementine Stebbins,72,Russia,1648,7/18/2022,Tavricheskoye,9,Win
Melamie Teager,59,Guatemala,2747,4/15/2022,Chicacao,2,Loss
Shandeigh Bravington,46,Brazil,1375,8/19/2022,Santa Luzia,7,Draw
Penny Barthrup,74,Portugal,1116,5/4/2022,Ermida,14,Draw
Haley Hawker,42,Ukraine,2968,9/7/2022,Marhanets’,14,Loss
Avril Chittie,72,China,2751,10/28/2022,Chengtian,11,Win
Annadiane Dalligan,77,Mexico,1281,3/2/2022,Benito Juarez,1,Loss
Mathilde Plowman,44,Brazil,2566,12/16/2022,Coromandel,1,Loss
Dorelia Ridewood,51,Palau,1859,12/29/2022,Sonsorol Village,7,Win
Daven Gumery,32,Czech Republic,2960,1/3/2022,Bludov,8,Win
Kinnie Scoines,45,Bulgaria,1085,12/26/2022,Kiten,9,Win
Ado McManamon,43,Colombia,1453,10/11/2022,El Guamo,1,Draw
Ulberto Warcop,54,China,2452,1/17/2022,Jiangqiao,3,Loss
Jabez Offiler,20,Bosnia and Herzegovina,2665,9/17/2022,Tasovčići,4,Draw
Thedric Kester,61,Sweden,1132,8/7/2022,Luleå,1,Win
Chester Benezeit,20,Portugal,2279,9/11/2022,Monte,9,Loss
Somerset Sandys,66,Sweden,2193,5/25/2022,Rönninge,2,Loss
Athena Keeler,21,Barbados,1292,3/1/2022,Four Cross Roads,7,Loss
Olympia Holbarrow,59,Brazil,1931,7/4/2022,Nossa Senhora do Socorro,15,Win
Gran Alexsandrev,78,Philippines,1568,3/20/2022,Luisiana,14,Draw
Elysha Strain,18,Egypt,2277,8/11/2022,Kousa,1,Draw
Jessy Nolot,85,Indonesia,1754,10/16/2022,Banjar Dauhmargi,5,Draw
Cara Carde,19,Argentina,1673,1/16/2022,San José de Feliciano,14,Draw
Alvan Duckerin,65,China,2800,9/12/2022,Lingdi,14,Loss
Henrik Riddiford,36,Turkmenistan,1071,7/7/2022,Serhetabat,11,Draw
Bank Smitherham,20,Philippines,2531,1/22/2022,Tapilon,9,Loss
Nertie Follan,71,Indonesia,1663,4/10/2022,Wahang Dua,5,Loss
Nathalia Hulkes,35,China,2497,2/1/2022,Xiadingjia,13,Win
Carlie Aysik,18,Indonesia,2383,3/22/2022,Cilimus Kulon,9,Draw
Berna Woof,68,Ivory Coast,1254,4/22/2022,Grand-Bassam,2,Win
Alden Lemmens,64,Vietnam,1077,12/25/2022,Chợ Lầu,11,Win
Ferrell Kendred,48,Israel,1436,2/10/2022,Shibli,10,Draw
Violet Maling,45,Indonesia,1688,10/26/2022,Geneng,3,Draw
Florida Biasio,85,Nigeria,2727,5/6/2022,Gashua,2,Draw
Glenn Kestle,38,China,2023,3/24/2022,Jiangkou,10,Loss
Shelba Abram,56,Argentina,2264,11/16/2022,Clorinda,3,Loss
Creigh Austen,38,Indonesia,2042,9/17/2022,Pakel,1,Draw
Chucho Perdue,37,Pakistan,1893,2/5/2022,Chak,10,Win
Sullivan Filpi,29,China,2990,3/4/2022,Heicheng,6,Loss
Erek Ewbanke,40,Finland,1116,1/13/2022,Iniö,3,Loss
Adena Roddell,22,Belarus,1686,3/27/2022,Borovlyany,4,Win
Norrie Blanch,85,Philippines,2598,6/22/2022,Taluksangay,4,Loss
Fransisco Murrow,77,Indonesia,1803,4/25/2022,Juwana,3,Draw
Freddie Skittles,38,Aland Islands,2113,2/23/2022,Vårdö,1,Draw
Garrard Folder,21,China,2293,5/20/2022,Lab,9,Draw
Cristie Morston,84,Japan,2103,2/12/2022,Shiogama,5,Draw
Tim Scarisbrick,60,Czech Republic,1306,9/8/2022,Benešov,8,Win
Cheston O' Finan,32,France,2104,10/12/2022,Paris 13,10,Win
Yettie Natte,56,Netherlands,2117,1/16/2022,Utrecht (stad),5,Draw
Menard Carverhill,37,Canada,1841,11/14/2022,Lions Bay,5,Loss
Barbara Kinnear,32,Nigeria,2449,12/17/2022,Bomadi,9,Win
Lazar Menhci,68,Croatia,1230,1/26/2022,Sarvaš,15,Draw
Win Quilter,75,Greece,2198,4/10/2022,Palaiomonástiron,8,Loss
Vivien Meardon,84,Belarus,1107,2/19/2022,Drybin,13,Draw
Lilian Tatterton,61,Argentina,1162,2/12/2022,Médanos,8,Win
Bartholemy Audsley,41,Poland,2309,5/3/2022,Szamotuły,1,Loss
Pia Gibbeson,78,France,2337,12/28/2022,Angers,3,Win
Briana Huard,25,Philippines,2490,1/12/2022,Utabi,4,Win
Nerta Hardey,31,Indonesia,1493,3/26/2022,Sangumata,2,Win
Arnoldo Duer,83,China,1496,11/23/2022,Zhuxi,1,Win
Giraldo Thrush,59,Portugal,2352,8/9/2022,Barrosa,14,Loss
Sabina Quan,83,Poland,1450,4/17/2022,Księżpol,15,Win
Laird Hellicar,80,Colombia,1893,5/4/2022,La Montañita,7,Draw
Sabine Gauthorpp,77,China,2404,12/17/2022,Xuanbao,5,Loss
Rourke Busk,62,Colombia,2160,4/2/2022,La Dorada,12,Draw
Dev Boncore,31,Russia,2516,5/14/2022,Troitskiy,9,Loss
Ber Picker,56,Armenia,1354,7/3/2022,Spandaryan,3,Draw
Dael Kilford,19,Pakistan,1391,11/21/2022,Dokri,10,Draw
Dot Timbridge,22,China,2225,1/10/2022,Zhagang,6,Win
Rhianna Buston,45,Chile,2255,5/16/2022,Lebu,3,Loss
My Zanutti,52,Nigeria,2409,2/10/2022,Oke Iho,10,Draw
Cobby FitzGilbert,72,Mexico,1808,11/11/2022,Independencia,7,Draw
Vinni Po,63,Albania,2191,7/1/2022,Kryevidh,10,Draw
Doti Izkovitch,83,Slovenia,1511,2/19/2022,Dobrovo,1,Draw
Duky Tomkys,72,China,1093,12/3/2022,Geji,6,Win
Alvie Gebby,25,Guatemala,2380,9/1/2022,Jocotenango,9,Win
Giraldo Scopyn,78,China,2794,6/21/2022,Zhendu,12,Loss
Annice Dowthwaite,25,Japan,2105,4/27/2022,Takaishi,1,Win
Windham MacPake,34,Brazil,2606,5/10/2022,Poá,11,Loss
Ardelia Ribbon,73,Democratic Republic of the Congo,2584,9/5/2022,Wamba,10,Loss
Margi Filipponi,43,Russia,1528,11/7/2022,Demyansk,9,Draw
Millie Syms,73,Germany,2028,1/11/2022,Nürnberg,15,Loss
Rhoda Nacci,38,France,1380,8/5/2022,Annecy,4,Draw
Garland Ferdinand,21,Croatia,1048,1/8/2022,Peteranec,3,Draw
Brita Thatcher,48,China,1852,9/6/2022,Quxi,7,Win
Cody Laurentino,30,Syria,1940,11/18/2022,Qarqania,3,Win
Kylynn Drane,49,Indonesia,1192,3/15/2022,Kemang,12,Loss
Mariette Peacher,52,Philippines,2540,1/10/2022,San Francisco,3,Win
Zitella Defont,31,Bolivia,2422,5/7/2022,Huajlaya,3,Draw
Abel Duran,71,China,1990,7/2/2022,Yangtan,13,Loss
Kristel Bassham,82,China,2690,11/29/2022,Dandu,2,Loss
Arabella Carder,57,Greece,1754,11/10/2022,Pánormos,7,Win
Gabbey Caltera,62,France,1893,7/22/2022,Massy,13,Win
Lindsay Lowton,69,United States,1981,2/11/2022,Miami,10,Win
Leola Keigher,71,Finland,1690,10/21/2022,Pyhäselkä,1,Draw
Nannette Robshaw,76,Reunion,2264,10/21/2022,Saint-Denis,9,Loss
Cletis Oldis,52,Palestinian Territory,1033,8/2/2022,Ar Ramāḑīn,9,Win
Goober Loseke,59,Philippines,1924,7/25/2022,San Vicente,5,Loss
Josephina Sussex,68,Indonesia,2988,3/20/2022,Genteng,3,Loss
Atlanta Bootherstone,73,Indonesia,1543,3/30/2022,Waepau,3,Draw
Drake O'Teague,18,Indonesia,1363,12/11/2022,Cikupa,15,Draw
Alla Gecke,31,Sweden,1876,11/7/2022,Kungsbacka,4,Loss
Delbert Wessell,33,Sweden,2581,10/20/2022,Stockholm,15,Draw
Kaleb Smees,77,Mexico,2123,11/4/2022,Emiliano Zapata,13,Win
Elonore Tipling,81,Moldova,2783,6/23/2022,Sîngerei,15,Win
Bernardina Johansen,58,Malaysia,1777,5/6/2022,Kuala Lumpur,14,Draw
Marguerite Worgen,22,France,2707,10/26/2022,Neuilly-sur-Seine,4,Win
Lilly De la Feld,58,China,1150,9/10/2022,Luzhuangzi,15,Loss
Terrence Burds,23,Vietnam,2324,1/7/2022,Tiền Hải,1,Loss
Adrianne Waby,34,Philippines,2257,9/21/2022,Mailag,15,Win
Vin Treweke,78,France,2827,5/1/2022,Marseille,15,Loss
Hannah Callard,42,China,2686,10/18/2022,Benhao,2,Loss
Aubree O'Rudden,34,Brazil,2199,7/1/2022,São Sebastião,5,Draw
Nealson von Nassau,56,Russia,1854,10/25/2022,Asino,12,Loss
Helge Garn,18,Morocco,1711,11/20/2022,Bzou,6,Draw
Aguie Burgoyne,40,Portugal,2447,11/13/2022,Paço,3,Win
Illa Paddie,73,Indonesia,1857,12/21/2022,Oetua,8,Win
Toiboid Myhan,35,Jordan,1067,4/28/2022,Karak City,9,Draw
Kane Clogg,56,Philippines,1279,11/27/2022,Balucuc,10,Loss
Kendre Stodart,55,Ukraine,1483,2/27/2022,Sambir,15,Loss
Jacquette Aubray,44,Brazil,1028,1/18/2022,Cuiabá,10,Win
Marlie Margery,56,Colombia,1410,12/26/2022,Antioquia,4,Loss
Novelia Timcke,41,Syria,1320,2/26/2022,Al Karāmah,4,Win
Adrienne Kilrow,25,Argentina,2248,8/23/2022,Corralito,6,Win
Kingsly Poe,23,Philippines,2357,9/22/2022,Magapit,12,Win
Jannelle Borghese,19,Sweden,2118,11/29/2022,Vänersborg,8,Loss
Loella Boame,23,Turkmenistan,1916,7/10/2022,Seydi,9,Win
Gwennie Krollmann,74,China,2626,9/3/2022,Fangqiang,11,Draw
Peta Dartan,25,Russia,2395,7/7/2022,Cheremshan,10,Loss
Theodor Pretsel,60,Bosnia and Herzegovina,1672,11/14/2022,Kalenderovci Donji,11,Win
Pollyanna Sneller,85,Russia,1473,6/8/2022,Verkhniye Osel’ki,11,Loss
Vin Leyson,63,Canada,1612,12/15/2022,Armstrong,12,Win
Jacklyn Peabody,36,China,2606,10/11/2022,Langjun,15,Draw
Zebadiah Kimbrey,55,France,2020,1/13/2022,Marseille,2,Draw
Wain Fairbourn,28,Poland,1465,10/8/2022,Podebłocie,3,Draw
Galvin Winridge,64,China,1346,1/2/2022,Gongping,8,Loss
Reggy Gascoigne,44,Canada,1122,8/23/2022,Princeville,7,Loss
Tom Linton,83,China,2239,9/14/2022,Jishi,12,Draw
Alfred Davidsen,30,China,2926,12/17/2022,Dahao,2,Draw
Godwin Mountcastle,41,Indonesia,1667,6/22/2022,Gayam,8,Win
Cristy De Giorgio,28,China,2648,11/10/2022,Baishan,2,Draw
Isiahi Pyrke,70,Philippines,1047,5/22/2022,Palompon,11,Draw
Maggy Basterfield,66,Mongolia,1096,5/22/2022,Huurch,1,Draw
Hazel Cuddon,83,Russia,2972,2/6/2022,Nazyvayevsk,10,Draw
Jamie Spragge,75,Albania,2252,4/6/2022,Valbonë,1,Win
Theresita Grioli,58,Philippines,1895,2/24/2022,Bintawan,3,Draw
Pearle Mattei,54,Philippines,1248,4/12/2022,Sonquil,14,Draw
Wye Jossel,51,New Caledonia,2744,4/19/2022,Dumbéa,15,Win
Giulio Titmus,70,Poland,1162,4/12/2022,Piotrków Trybunalski,2,Loss
Michail Faulks,33,Brazil,1221,12/1/2022,Bayeux,8,Draw
Judd Swindells,28,Malaysia,2386,3/7/2022,Kangar,8,Loss
Avigdor Lilford,35,Peru,2411,7/4/2022,Mucllo,1,Win
Niki Sherer,34,United States,2182,8/23/2022,New Brunswick,9,Draw
Fidelity Frickey,62,Portugal,1860,2/19/2022,Calvaria de Baixo,5,Loss
Inessa Moakson,58,Poland,2758,6/23/2022,Jonkowo,9,Win
Kenton Wherrett,38,Philippines,1915,2/11/2022,Liwan,10,Loss
Lloyd Brittlebank,42,Poland,1130,8/24/2022,Radzanów,7,Win
Ginger Asling,19,Indonesia,1656,8/23/2022,Cilolohan,12,Draw
Elka McAvey,42,Indonesia,2140,11/29/2022,Pondoktelo,14,Loss
Jessi Beeby,24,Indonesia,1849,10/1/2022,Suruhan,14,Win
Bobine Volke,51,Poland,1461,6/9/2022,Baligród,2,Win
Kain Kimblen,22,Mexico,1446,8/20/2022,Las Americas,9,Win
Richardo Pimer,44,Sweden,1905,8/30/2022,Skövde,11,Win
Webster McEnteggart,28,Peru,2153,12/25/2022,Mancos,1,Loss
Reinaldo Studdal,50,Japan,2308,3/4/2022,Isesaki,15,Win
Barb Repp,45,Indonesia,1225,1/16/2022,Kedungtaman,15,Win
Rupert Knapman,57,Antigua and Barbuda,2381,3/7/2022,Piggotts,2,Win
Ives Tongs,26,Marshall Islands,2267,11/21/2022,RMI Capitol,4,Loss
Jobi Shah,44,Indonesia,1174,3/1/2022,Puteran Kidul,5,Loss
Jenine Moxley,55,United States,1961,12/15/2022,Biloxi,12,Win
Andie Hiseman,39,Mexico,1649,3/7/2022,Morelos,7,Win
Starr Clive,56,Argentina,1573,7/13/2022,Tilcara,9,Draw
Alli D'Cruze,43,Belarus,2904,3/20/2022,Haradok,10,Win
Ricky Swinerd,52,Zimbabwe,1056,12/1/2022,Headlands,14,Draw
Job Atkirk,24,Netherlands,2481,9/19/2022,Arnhem,10,Loss
Rhodie Shorto,20,Brazil,2759,1/31/2022,Resplendor,13,Draw
Jedd Small,22,Poland,2319,7/4/2022,Nowa Sarzyna,11,Win
Tandi Kunzler,82,Greece,1075,1/21/2022,Marína,2,Win
Richmound Sealand,38,China,2120,4/9/2022,Qinshi,6,Loss
Ralf Pykett,75,China,2953,3/24/2022,Yanbei,6,Win
Hildagard Laurentino,52,China,1177,5/11/2022,Xiongzhou,9,Win
Jessamine Clear,72,Indonesia,1191,7/9/2022,Tambulatana,1,Win
Genovera Halpin,26,Montenegro,1320,7/25/2022,Bijela,1,Loss
Shauna Sherbrooke,75,Portugal,1811,1/23/2022,São Marcos da Serra,15,Draw
Laurel Barhems,63,Portugal,2038,6/9/2022,Calhetas,5,Draw
Maire Knoller,68,United Kingdom,1822,5/26/2022,Sheffield,14,Win
Ruttger Bernath,54,France,2502,6/1/2022,Toulouse,9,Loss
Vernor Hanhart,26,Brazil,1456,7/9/2022,Andradina,10,Loss
Willie Lyddiatt,46,Nepal,1148,7/9/2022,Bīrganj,12,Win
Rhona Coupland,51,Canada,1718,10/31/2022,Sainte-Anne-des-Plaines,5,Loss
Natala Duester,57,United States,2294,3/16/2022,Reston,15,Loss
Rodolphe Stebbings,28,Colombia,2076,11/19/2022,Villa del Rosario,11,Draw
Rubetta Attaway,47,Thailand,1141,1/27/2022,Nakhon Pathom,12,Loss
Gorden Stanbridge,67,Brazil,2017,1/3/2022,Uruçuca,10,Win
Bordy Custance,21,United States,1366,3/31/2022,Sacramento,14,Loss
Peter Kitman,22,Jordan,2870,1/2/2022,Jarash,7,Draw
Melisse Busch,44,United States,2404,3/4/2022,Washington,9,Win
Alanna Robotham,63,Thailand,2451,10/27/2022,Khon Buri,3,Loss
Reeba Newlands,24,Czech Republic,2448,10/5/2022,Dolní Bojanovice,10,Draw
Melloney Foulds,20,China,2877,3/2/2022,Zhuyu,15,Draw
Flossie Breckwell,49,China,2787,3/4/2022,Futian,14,Loss
Man Thornton-Dewhirst,72,Indonesia,2671,6/15/2022,Rungkang,9,Loss
Nigel Carnow,32,Indonesia,1468,8/2/2022,Sawoi,11,Win
Lorain Crus,67,Poland,1832,1/7/2022,Szemud,8,Loss
Fidel Carse,53,Canada,2051,6/12/2022,Sainte-Agathe-des-Monts,12,Win
Hewe Fotherby,63,Poland,2316,10/15/2022,Prabuty,10,Loss
Hobart Dawidman,34,Tajikistan,1171,7/8/2022,Mehron,10,Win
Hillery Yakushkev,69,South Korea,2838,8/21/2022,Changnyeong,14,Draw
Sada Poyner,60,Afghanistan,1537,5/14/2022,Mīr Bachah Kōṯ,11,Draw
Evy Egiloff,72,China,2967,12/6/2022,Hujiaying,3,Loss
Minerva Larrie,30,Brazil,2270,11/7/2022,Bertioga,9,Loss
Waldemar Ricciardelli,66,Indonesia,2493,1/14/2022,Sungai Raya,13,Win
Dion Heritege,78,Albania,1105,1/1/2022,Karbunara e Vogël,1,Win
Adriena Fosh,73,Brazil,2156,6/10/2022,Pinheiro Machado,15,Draw
Vonni Buist,43,China,2863,9/23/2022,Liuqu,3,Loss
Reider Trouel,75,Vietnam,1923,12/21/2022,Tiền Hải,12,Loss
Roddie Weatherill,85,South Korea,1151,2/25/2022,Songgang-dong,13,Draw
Yalonda Oliphand,75,China,2351,9/11/2022,Xiongji,12,Draw
Tanhya Whall,31,Russia,1181,7/26/2022,Chernoyerkovskaya,11,Draw
Geoff Lilian,54,Colombia,2415,4/10/2022,Arjona,7,Draw
Karen Parchment,22,Bulgaria,2104,2/9/2022,Debelets,15,Win
Fredia Stratley,56,Indonesia,2745,5/30/2022,Lalukoen Dua,1,Win
Lesley Pinck,83,Honduras,2967,5/27/2022,San Vicente Centenario,4,Draw
Clareta Godleman,48,United States,2531,5/2/2022,Wilkes Barre,9,Win
Ardelle Bidwell,24,China,1305,6/6/2022,Zhushan Chengguanzhen,15,Win
Jewel Rhodus,45,Germany,1744,11/15/2022,Chemnitz,7,Win
Caritta Wackly,28,Poland,2131,4/18/2022,Januszkowice,10,Win
Kylie Rutherfoord,79,Thailand,1881,6/13/2022,Kui Buri,10,Win
Juliana Lavin,73,China,2319,6/3/2022,Ji’an,12,Draw
Marketa Paradis,56,Sweden,1829,5/31/2022,Farsta,1,Draw
Velvet Renshall,77,Philippines,2686,10/1/2022,Malita,1,Loss
Angel Cortin,76,Qatar,2301,1/12/2022,Ar Ru’ays,9,Win
Matthias Gillinghams,80,Russia,2514,5/13/2022,Komendantsky aerodrom,9,Win
Jenica Saunders,36,Ukraine,1368,11/27/2022,Zlynka,9,Win
Batholomew De Meyer,50,Bosnia and Herzegovina,2695,5/25/2022,Pećigrad,8,Win
David McGroarty,61,Colombia,2008,3/15/2022,Ciudad Bolívar,9,Win
Hettie Ramard,71,Democratic Republic of the Congo,1956,1/6/2022,Goma,2,Draw
Myrle Tyhurst,66,Indonesia,2545,3/3/2022,Rajadesa,7,Win
Clint Attersoll,33,Russia,2793,9/23/2022,Tankhoy,6,Win
Billy Kiehne,23,Netherlands,1431,8/8/2022,Zeist,1,Loss
Dasya MacAless,80,Poland,1045,8/6/2022,Krasne,14,Loss
Jo Mollindinia,43,Philippines,2316,8/16/2022,Balayong,6,Loss
Ebonee Dohrmann,36,Russia,1847,9/17/2022,Aleksandrovsk-Sakhalinskiy,8,Draw
Marcelline Rotter,33,Macedonia,2753,9/25/2022,Извор,9,Loss
Linnet Heningam,50,Colombia,1951,3/9/2022,Cajicá,13,Draw
Korry Marrett,27,China,2645,4/30/2022,Duhu,11,Win
Trudy Dreye,23,Russia,2876,3/26/2022,Fryazino,13,Loss
Prudi Daysh,48,Kazakhstan,2252,4/12/2022,Karabas,11,Draw
Caralie Tirrell,18,Thailand,1141,3/20/2022,Soi Dao,7,Loss
Fairleigh Goodband,48,Brazil,2501,1/20/2022,Trindade,7,Draw
Darwin Binch,37,Uzbekistan,2843,2/20/2022,Gazli,9,Loss
Scotty Huey,58,Poland,1811,3/10/2022,Sztum,14,Win
Emmalynn Goosey,53,China,2539,11/2/2022,Youyun,13,Loss
Dev Ioannou,68,Russia,2459,3/18/2022,Psyzh,15,Win
Calida Lamlin,72,Bolivia,2912,4/16/2022,Potolo,7,Loss
Avery Lismer,69,Morocco,1191,3/14/2022,Moulay Abdallah,5,Loss
Uri Bosanko,44,China,1114,12/6/2022,Sheli,15,Loss
Oralie Devita,25,Indonesia,2418,9/10/2022,Langkaplancar,9,Win
Zebulen Cornthwaite,65,China,1184,8/9/2022,Liufeng,14,Loss
Smitty Pieter,23,Poland,2153,7/6/2022,Krosno Odrzańskie,8,Win
Angelia Hilland,31,Indonesia,1139,8/26/2022,Jungutbatu Kaja Dua,8,Draw
Trudey Craythorn,78,Argentina,2547,7/24/2022,Villa Mercedes,5,Loss
Warde Di Francesco,57,Morocco,2523,1/5/2022,Brikcha,4,Win
Rurik Formby,66,Armenia,1003,12/19/2022,Shahumyan,6,Win
Duke Lamberto,79,China,2972,12/15/2022,Lhari,14,Draw
Gino Samsin,58,Thailand,2663,5/20/2022,Na Kae,9,Win
Nickolas Grigoliis,63,Indonesia,1014,2/10/2022,Ketawang,2,Loss
Ilene Lowy,81,Myanmar,1096,6/24/2022,Bhamo,13,Loss
Maurie Spreadbury,22,Lebanon,2200,1/31/2022,Tyre,10,Draw
Eustacia Hallewell,29,China,2809,10/18/2022,Gongxi,5,Draw
Babita Forker,34,Canada,2037,10/11/2022,Niverville,8,Loss
Berni Hulmes,19,Italy,1950,10/9/2022,Palermo,4,Loss
Lottie Tant,63,Russia,1040,1/14/2022,Ukhta,2,Draw
Norton Dietzler,79,Russia,1245,10/25/2022,Burla,2,Draw
Ryann Butt Gow,69,China,2998,6/13/2022,Yuping,11,Win
Rufe Guildford,69,South Africa,1636,3/19/2022,Noupoort,6,Win
Arleen Dandie,79,France,1507,8/22/2022,Auch,13,Win
Karie Gasker,21,Portugal,1655,3/5/2022,Ponte Nova,8,Draw
Waldon Tremoulet,56,Uruguay,1108,10/10/2022,Maldonado,14,Draw
Elsa Elles,50,Uruguay,1615,1/22/2022,Quebracho,13,Win
Roseanne Carlton,74,China,1679,7/22/2022,Chang’an,1,Loss
Elisha Rove,41,China,2129,7/3/2022,Linxihe,14,Win
Odelinda Dunklee,34,China,1998,4/11/2022,Yuquan,10,Draw
Cathrine Culleton,39,Macedonia,2211,9/21/2022,Желино,14,Win
Linzy Lofty,68,Indonesia,1123,9/11/2022,Kampunganyar,8,Draw
Ulrike Kettley,63,Iran,1121,5/7/2022,Shalamzār,3,Win
Sim Haster,66,France,2524,7/11/2022,Marseille,6,Loss
Duffie Gumby,64,Nigeria,2515,7/19/2022,Okpoma,14,Draw
Gabbey Bompas,48,Indonesia,2493,11/18/2022,Jetis,1,Draw
Jordan Quincey,24,Russia,2347,5/30/2022,Shar’ya,9,Loss
Sheffie Godfery,61,Albania,1592,2/2/2022,Vlorë,3,Draw
Brianne Searsby,53,Ukraine,1266,8/15/2022,Blyznyuky,3,Loss
Clarissa Gilvear,72,Lithuania,2955,2/21/2022,Nida,3,Loss
Osgood D'Alessio,62,Sweden,1027,3/16/2022,Haparanda,12,Win
Ki Byas,51,United Kingdom,1502,6/14/2022,Leeds,5,Win
Clari Reilinger,20,Afghanistan,1785,4/5/2022,Quchanghī,12,Draw
Donia Neligan,42,China,2531,6/1/2022,Tuhe,7,Draw
Weber MacMarcuis,70,Poland,1566,6/25/2022,Kamieniec Wrocławski,13,Draw
Trever Godfery,38,Philippines,1031,3/18/2022,Quezon City,9,Win
Ranice Rozec,76,China,1159,4/9/2022,Basar,9,Loss
Alethea Konke,47,Colombia,1938,1/27/2022,Anolaima,15,Win
Tiffany Portsmouth,36,Sweden,1971,5/5/2022,Göteborg,8,Draw
Krystyna Rosentholer,28,Armenia,1262,7/12/2022,Haghartsin,7,Win
Steffi Youll,76,South Africa,2887,5/13/2022,Tugela Ferry,3,Loss
Jody Doram,73,China,2300,3/3/2022,Jiangdulu,15,Draw
Levey Vile,19,Armenia,2384,11/4/2022,Hrazdan,1,Win
Lucinda Eustes,51,Philippines,1248,11/17/2022,Malasiqui,12,Win
Edyth Lorens,77,China,1786,9/14/2022,Dongshan,12,Win
Burnaby Gready,65,Palau,1183,3/19/2022,Koror Town,4,Win
Lyda Lamshead,80,Poland,1791,3/14/2022,Jasień,12,Loss
Cobb Faraker,52,Mozambique,2916,10/25/2022,Quelimane,3,Draw
Leilah Dimmick,57,Chad,1682,10/19/2022,Moussoro,4,Win
Kinny Seiler,54,China,1357,10/22/2022,Dolod,15,Draw
Janka Hoodspeth,38,Nigeria,2286,12/30/2022,Anchau,8,Win
Brandy Bilofsky,30,Indonesia,1523,8/26/2022,Karanglo,8,Draw
Alard Barribal,83,Brazil,1263,2/4/2022,Fartura,2,Win
Ardella Caldera,73,Brazil,2946,10/6/2022,Catolé do Rocha,12,Loss
Lauralee Scanes,56,Croatia,2443,4/12/2022,Cerna,6,Loss
Concettina Woodings,39,Mali,1503,2/4/2022,Ménaka,14,Draw
Liane Ibbitt,32,Brazil,1971,6/13/2022,Campo Mourão,8,Loss
Koressa Konneke,81,Zimbabwe,2279,11/11/2022,Nyazura,10,Draw
Carlie Horley,81,Mexico,2907,2/14/2022,Independencia,14,Win
Cameron Haugg,63,Austria,2606,7/7/2022,St. Anton an der Jeßnitz,11,Loss
Debby Furber,83,Jordan,2247,9/19/2022,Judita,3,Draw
Claire Slocomb,34,New Zealand,2964,12/11/2022,Takaka,7,Win
Burch Sherer,75,Russia,2790,2/1/2022,Spirovo,3,Win
Neilla Laurance,23,Japan,2202,4/24/2022,Shibata,12,Draw
Hanson Berrisford,51,Croatia,1952,7/27/2022,Zagreb,3,Win
Conn Vitet,84,France,2028,10/30/2022,L'Aigle,12,Loss
Eddie Cockram,56,France,1369,7/15/2022,Hénin-Beaumont,9,Loss
Sayres Tarpey,76,Russia,2456,4/3/2022,Kimil’tey,9,Loss
Cookie Doctor,85,Indonesia,1853,6/18/2022,Tegalalang,8,Win
Cherise Galgey,68,Philippines,1677,11/14/2022,Pudoc North,13,Win
Sanderson Cleatherow,61,China,2632,1/3/2022,Dagang,5,Loss
Shirleen Ruffy,79,China,2986,10/10/2022,Shuangcheng,4,Loss
Catarina Georgescu,76,South Africa,1080,3/14/2022,Thabazimbi,13,Win
Gwyn Fallawe,69,United Kingdom,1260,12/27/2022,Bristol,14,Loss
Darsey Cronk,20,China,1092,12/2/2022,Qinhe,5,Win
Nonah MacMurray,37,Indonesia,1841,8/25/2022,Setono,14,Draw
Kasey Kovalski,35,Portugal,2971,9/6/2022,Santo Amador,13,Draw
Carmella Alvey,62,Brazil,1085,10/23/2022,Ipojuca,13,Win
Charyl Perigo,40,Lithuania,1841,10/18/2022,Panevėžys,14,Draw
Berenice Side,61,Kenya,2623,8/22/2022,Maralal,3,Loss
Roseanne Bruckenthal,36,Philippines,1779,2/5/2022,Malabang,11,Win
Loretta Coggin,26,Ukraine,1069,12/7/2022,Lymanske,1,Win
Cairistiona Sherebrooke,69,Czech Republic,2036,4/6/2022,Moravský Beroun,4,Win
Costanza Byneth,54,Indonesia,1612,11/6/2022,Oesain,15,Win
Mendy Regitz,84,China,2911,10/18/2022,Xiaozhoushan,3,Loss
Gardiner Bendik,78,Russia,2573,2/17/2022,Zhigalovo,1,Loss
Shellysheldon Parkes,60,Russia,2783,9/26/2022,Miasskoye,6,Draw
Krystyna Scarsbrick,84,Argentina,1983,1/19/2022,Carlos Tejedor,11,Loss
Rozele McAnalley,18,South Africa,1360,11/4/2022,Vredefort,11,Win
Washington Cossum,67,China,2736,2/11/2022,Hougong,11,Draw
Raffarty Heck,69,Russia,2949,2/27/2022,Povarovo,6,Loss
Brantley Dungee,28,United States,2264,3/16/2022,Fort Pierce,9,Win
Cassie Hannibal,74,Serbia,2991,12/15/2022,Gornji Breg,12,Win
Frances Gabbitus,65,Brazil,2803,5/18/2022,Quixeramobim,11,Draw
Mortie Belcham,62,Canada,1094,1/24/2022,Oromocto,6,Draw
Ivie Dobie,45,China,1534,4/23/2022,Shangshuai,12,Draw
Alejandrina Schoenleiter,47,Netherlands,2357,5/8/2022,Leiden,5,Loss
Norbert Meagher,65,Indonesia,2711,7/5/2022,Banjar Tegal Belodan,1,Draw
Penny Messenger,68,Mexico,2913,5/13/2022,Francisco Villa,5,Draw
Aleta Dovey,85,Russia,2819,11/28/2022,Strogino,10,Loss
Meade Agostini,45,Palestinian Territory,2431,12/4/2022,Bayt Dajan,14,Loss
Fritz Dedam,83,China,2990,9/16/2022,Yayao,12,Loss
Diarmid Bras,64,Cuba,1365,11/26/2022,Camajuaní,10,Win
Devin Lenchenko,40,New Zealand,2906,11/13/2022,Timaru,5,Win
Melitta Beddin,52,Indonesia,1972,12/2/2022,Janaka,14,Loss
Horton Cattel,37,France,2948,1/29/2022,Saint-Dizier,6,Loss
Bucky Thorp,85,China,2072,10/13/2022,Huxi,15,Win
Jacklyn Graysmark,24,Indonesia,2179,7/12/2022,Krajan Joho,7,Draw
Lucita Jurzyk,77,Cambodia,2101,8/15/2022,Takeo,11,Draw
Douglas Dougary,26,Portugal,2717,8/24/2022,Estoril,9,Loss
Barri Smitherham,58,Ivory Coast,1063,9/24/2022,Bangolo,1,Loss
Arluene Mityushin,19,Poland,2333,6/18/2022,Solec-Zdrój,2,Draw
Gabby Muller,81,Poland,1912,3/1/2022,Boniewo,14,Loss
Rozanna Higgonet,45,Portugal,2819,4/12/2022,Sarrazola,15,Draw
Joana Smithies,46,Indonesia,2220,6/15/2022,Delanggu,9,Win
Tymothy Covert,26,China,2505,6/26/2022,Suzhou,4,Win
Keeley Gasker,61,China,2351,8/28/2022,Fenglin,9,Loss
Emmott Edgeon,65,Indonesia,2636,3/31/2022,Boto,10,Draw
Corine Downs,38,France,2892,4/18/2022,Saint-Étienne,12,Win
Andrew Poynser,76,Philippines,1255,10/31/2022,Libon,6,Draw
Lorna Leathes,59,Sweden,2066,3/30/2022,Vingåker,11,Draw
Nigel Clappson,57,Russia,1920,11/7/2022,Nizhniye Vyazovyye,4,Win
Shelbi Balm,42,Zimbabwe,2728,9/8/2022,Centenary,6,Win
Dore Hurdle,33,Libya,1944,11/7/2022,Masallātah,7,Loss
Mia Kupec,50,Serbia,1830,7/21/2022,Novi Sad,7,Loss
Tami Guidelli,65,Moldova,1555,1/9/2022,Hînceşti,9,Loss
Terrell Okenfold,41,Czech Republic,1958,11/4/2022,Komorní Lhotka,13,Draw
Alyss Pimmocke,81,France,2590,4/7/2022,La Seyne-sur-Mer,8,Loss
Matty Delacote,73,China,1771,9/3/2022,Nankeng,4,Draw
Darrelle Warbys,25,United States,1920,6/17/2022,Jacksonville,12,Loss
Marius Glynn,69,China,1357,1/19/2022,Deqing,4,Win
Kaitlin Guilleton,53,Thailand,2759,8/1/2022,Yala,4,Win
Ringo Roumier,43,China,1729,2/14/2022,Shuiyuan,7,Loss
Nickey Menham,44,China,1257,3/3/2022,Fuji,15,Loss
Krisha Shaxby,73,China,2141,6/12/2022,Madang,3,Draw
Aluin Falconer,21,Japan,2017,9/5/2022,Arai,4,Win
Remington Panniers,18,Brazil,2280,4/26/2022,Rio Real,1,Draw
Stacey Goodwin,49,Thailand,1441,6/4/2022,Ban Pong,7,Win
Randolf Allnatt,56,China,2511,2/12/2022,Huayuanli,12,Loss
Devin Heggie,23,China,1975,6/8/2022,Tongyang,2,Loss
Darcie Dine-Hart,54,Burkina Faso,1945,3/18/2022,Titao,10,Win
Gilberta Pevie,51,China,2592,9/9/2022,Maoya,4,Loss
Tabby Hacket,69,Jordan,2284,12/30/2022,Al Azraq ash Shamālī,6,Loss
Briney Antoniak,36,Indonesia,2316,11/20/2022,Ares Tengah,5,Win
Malvina Hanscombe,18,Vietnam,2501,12/21/2022,Yên Bái,10,Loss
Clifford Asple,51,China,2447,6/25/2022,Lirang,8,Draw
Johnathan Lofting,49,Brazil,1862,5/16/2022,Icó,13,Win
Alix Filippov,70,Mexico,1168,4/1/2022,Benito Juarez,10,Draw
Gradey Spatarul,44,France,1531,2/24/2022,Nantes,10,Win
Jena Skyner,43,China,1123,9/11/2022,Nandong,6,Loss
Tuckie Tofpik,35,Argentina,1886,11/17/2022,General Conesa,15,Loss
Deck Asker,18,Serbia,3000,6/20/2022,Rača,11,Win
Ragnar McKay,56,Sweden,1105,4/5/2022,Köping,14,Loss
Dagmar Folley,76,China,2852,5/30/2022,Qingminghe,8,Draw
Gladi Fenn,67,Indonesia,2449,4/25/2022,Beutong Ateuh,9,Draw
Melvin La Rosa,49,Poland,1310,5/18/2022,Bledzew,8,Draw
Terri Thowless,34,Japan,1567,6/18/2022,Tottori,3,Loss
Lezlie Darville,68,Japan,1475,8/16/2022,Tarui,6,Loss
Dedie Lakenton,20,Paraguay,1225,2/21/2022,Asunción,10,Win
Melissa Skellion,75,Kazakhstan,1586,7/9/2022,Zharkent,11,Win
Ryley Beevens,57,Montenegro,1115,11/15/2022,Pljevlja,2,Draw
Collin Loveard,51,Russia,1487,1/25/2022,Shakhun’ya,3,Win
Adeline Girtin,59,Indonesia,1572,9/17/2022,Kendaruan,1,Loss
Roman Padfield,75,Russia,1383,9/5/2022,Olenegorsk,6,Loss
Kristen Rennick,48,Morocco,1727,12/12/2022,Senada,13,Draw
Althea Conrath,28,Czech Republic,2960,12/30/2022,Žiželice,4,Draw
Arch Balnave,42,Macedonia,1941,2/23/2022,Oslomej,4,Draw
Pail Morfell,22,Argentina,1329,5/30/2022,Allen,5,Draw
Goldina Souster,45,China,1031,5/3/2022,Qingshu,2,Draw
Roshelle Perrot,84,Netherlands,2010,4/29/2022,Rotterdam postbusnummers,3,Loss
Stu Drinkhall,46,Peru,1657,8/26/2022,Ajoyani,4,Draw
Olenolin Morstatt,33,Sweden,1884,7/9/2022,Motala,8,Win
Augustin Dallimore,62,Angola,1334,9/20/2022,Lubango,15,Loss
Beulah Plank,54,Ukraine,2840,3/6/2022,Verkhovyna,1,Draw
Merrie Tayloe,54,China,1313,4/5/2022,Lingmen,9,Win
Elvira Stewartson,56,Greece,2764,3/29/2022,Kallíthiron,10,Loss
Lemmie Saffill,39,Madagascar,2669,5/9/2022,Antsohimbondrona,2,Draw
Devlin Lafont,49,Ukraine,2548,2/27/2022,Lymanske,15,Loss
Olenka Hickenbottom,19,France,1908,11/23/2022,Le Mans,13,Draw
Giordano Gauch,30,Czech Republic,2454,2/27/2022,Hazlov,4,Draw
Thia Petschel,81,China,1377,12/25/2022,Xinglongchang,11,Draw
Eal Bisterfeld,26,China,1098,12/28/2022,Liangli,12,Win
Art Dickenson,44,China,1582,4/24/2022,Zhonglong,13,Draw
Jade Janic,60,Indonesia,1340,12/14/2022,Sekolan,8,Win
Almeria Dewan,85,United States,1223,7/29/2022,Denver,13,Win
Lucine Dunguy,61,Iran,2487,12/29/2022,Abū Mūsā,10,Win
Michal Vibert,25,Switzerland,1154,3/8/2022,Zürich,2,Loss
Brandy Coulthard,44,Russia,2134,7/8/2022,Nikolo-Pavlovskoye,14,Win
Zebulen Longstaffe,18,Ivory Coast,1410,12/19/2022,Soubré,1,Draw
Gran Innocent,20,Sweden,2608,5/26/2022,Göteborg,15,Draw
Anne-corinne Lugsdin,79,China,2486,6/25/2022,Daliang,6,Win
Donnie Dumbreck,34,Bosnia and Herzegovina,2554,3/25/2022,Sanski Most,11,Win
Emalia Cosley,71,Thailand,1506,1/3/2022,Ko Pha Ngan,5,Win
Rowena Hazel,29,Dominica,1241,1/16/2022,Salisbury,9,Win
Christy Aubert,43,Israel,1056,6/24/2022,Even Yehuda,14,Loss
Lona Kubach,70,South Africa,2385,11/1/2022,Libode,12,Loss
Midge Ralls,45,Russia,2410,1/14/2022,Likhobory,7,Loss
Fern Cronchey,38,Poland,1811,8/4/2022,Kożuchów,7,Loss
Brenda Wade,58,Uruguay,2505,3/9/2022,Colonia Nicolich,1,Win
Myrtle Hanshaw,78,China,1591,5/7/2022,Songshu,11,Loss
Willi Whightman,43,Russia,1374,2/8/2022,Pospelikha,15,Win
Bari Mitrikhin,66,Slovenia,2222,6/24/2022,Lokavec,1,Loss
Murial Catley,19,Philippines,2837,8/13/2022,Tiniguiban,5,Draw
Bert Hutchins,47,Kazakhstan,1796,3/3/2022,Būrabay,11,Win
Sissie Sproat,70,Iran,2259,9/13/2022,Bābolsar,14,Win
Leoline Merriman,22,Nigeria,1354,3/24/2022,Kajuru,5,Win
Reidar Errowe,40,China,1873,11/23/2022,Longfengba,1,Loss
Randall Guyton,49,Uganda,1125,12/5/2022,Mpigi,13,Draw
Norbie Davidsson,35,Indonesia,2480,4/19/2022,Laban,13,Draw
Morganica Cathie,64,Sweden,2950,1/11/2022,Stockholm,4,Draw
Darcie Foulser,34,Thailand,1987,12/13/2022,Phra Yuen,11,Win
Filmore Forster,30,Greece,2647,10/15/2022,Fálanna,7,Draw
Maia Yorkston,71,China,1198,3/7/2022,Yanggu’ao,9,Win
Marybelle Liles,80,China,2074,6/23/2022,Handegate,4,Win
Alaric Neljes,53,Greece,2626,11/23/2022,Káto Nevrokópi,7,Draw
Francene Scadden,78,Ireland,1510,11/22/2022,Bantry,12,Win
Gypsy Staniland,66,Indonesia,2924,8/18/2022,Tambakbaya,6,Draw
Emylee Barukh,72,Denmark,1357,12/29/2022,Frederiksberg,3,Draw
Aurie Jurasz,22,Portugal,2865,4/14/2022,Serra de Água,3,Draw
Courtnay Curnucke,26,Tajikistan,1207,5/24/2022,Vakhsh,5,Draw
Marquita Lochran,47,Honduras,1419,12/13/2022,Yuscarán,10,Draw
Tara Keslake,81,Russia,2792,3/6/2022,Pyatigorskiy,3,Draw
Janot O'Doireidh,54,Russia,2926,6/3/2022,Velikooktyabr’skiy,2,Loss
Lorrin Caurah,29,Laos,2683,3/11/2022,Không,11,Loss
Gerry Gouda,24,Czech Republic,2475,1/26/2022,Doksy,7,Win
Joby Bare,31,Brazil,2907,6/28/2022,Santa Maria da Vitória,12,Draw
Abbye Dowers,62,Vietnam,2336,12/24/2022,Phong Điền,13,Win
Connor Franzettoini,73,Peru,1541,11/19/2022,Pacanga,1,Loss
Clemmie Beglin,72,Canada,1260,2/3/2022,Windsor,13,Draw
Dona Haveline,62,Guatemala,1658,9/5/2022,Santa Catarina Barahona,2,Draw
Kirby Abramovitz,20,China,1126,12/17/2022,Shezhu,15,Win
Quint Dargue,19,China,1117,3/31/2022,Jishui,4,Draw
Florentia Di Lucia,52,Indonesia,1107,2/23/2022,Karangagung Timur,13,Win
Rolfe Champney,60,Russia,1410,8/19/2022,Kotel’niki,2,Win
Red Poveleye,79,Nigeria,2201,6/20/2022,Patani,13,Loss
Clementine Gilbertson,52,Philippines,1714,8/4/2022,Santol,4,Loss
Elisha Algate,57,Peru,2058,1/10/2022,Zapatero,6,Win
Florance Flewin,33,China,1990,9/13/2022,Baoyang,8,Loss
Reynolds Donnison,84,Indonesia,2243,1/21/2022,Songkar B,15,Loss
Hope Ivashchenko,23,Norway,1092,10/16/2022,Larvik,14,Win
Wyatan Paulich,70,Portugal,2039,2/4/2022,Carvalheira,12,Win
Rickard Wallsworth,67,Brazil,1692,7/25/2022,Augusto Corrêa,13,Loss
Emmet Pammenter,55,Indonesia,1903,9/5/2022,Kertamukti,4,Loss
Enrico Kowalik,32,Poland,2225,1/10/2022,Paniówki,8,Loss
Orlando Ilyunin,30,Egypt,2790,5/27/2022,Az Zarqā,4,Loss
Base Hudel,24,Venezuela,1970,6/9/2022,Los Dos Caminos,1,Draw
Normie Stealy,84,Indonesia,2334,11/11/2022,Cikuda,1,Loss
Colly Sjollema,57,China,2105,12/22/2022,Lingmen,12,Draw
Eudora McQueen,51,Indonesia,1409,2/5/2022,Puspajaya,10,Win
Skell Fassbender,30,Indonesia,2811,7/28/2022,Kotakan Selatan,15,Win
Cherlyn Enevold,60,Bahamas,1514,10/15/2022,Spanish Wells,7,Draw
Phillipp Worledge,22,Portugal,1855,2/17/2022,Corujeira,1,Win
Constantina Bosomworth,82,Germany,1957,11/30/2022,Frankfurt am Main,13,Win
Maribelle Larrington,61,Afghanistan,2367,4/10/2022,Baghlān,9,Draw
Mignon Rudall,29,Belarus,1970,10/11/2022,Kastsyukowka,5,Loss
Yetty Gaitung,38,Poland,2949,9/22/2022,Wielichowo,15,Win
Hamish Keelin,50,Albania,2411,1/19/2022,Çepan,12,Loss
Binny Prestwich,70,China,1994,9/2/2022,Caohezhang,6,Win
Coop Morecombe,68,France,1810,5/11/2022,Blaye,7,Win
Babita Liddy,77,Indonesia,2141,10/1/2022,Banjar Mambalkajanan,8,Loss
Malorie Maguire,59,Poland,2557,2/22/2022,Iłowa,11,Loss
Gwyneth Clewes,37,China,2063,3/5/2022,Shangdundu,10,Draw
Eleanora Heathfield,58,Zambia,1028,6/11/2022,Kitwe,9,Draw
Lesly Bromilow,70,Sweden,1570,12/2/2022,Ytterby,7,Draw
Teodora Minchi,33,China,2104,11/11/2022,Daijiaba,12,Loss
Vicki Simpkin,46,Russia,1513,3/12/2022,Chaltyr,6,Win
Benedict Braizier,34,Canada,1578,11/8/2022,Richmond,10,Draw
Ahmed Corney,66,Indonesia,2642,4/4/2022,Melati,5,Loss
Gilberto Newhouse,61,Brazil,2691,1/25/2022,Cambé,15,Draw
Stanwood Sherwell,58,Peru,1937,1/2/2022,Mocupe,6,Draw
Bing Shermar,79,China,1799,4/17/2022,Ji’an,13,Loss
Lorne Brammall,62,New Zealand,1523,8/7/2022,Pleasant Point,10,Win
Gilberto Paniman,79,Indonesia,2269,7/22/2022,Ciriri,14,Loss
Neely Trasler,77,Haiti,1966,4/13/2022,Marigot,7,Draw
Karim Brosi,34,Brazil,2047,5/29/2022,Bariri,3,Loss
Hilliary Fortnam,26,Indonesia,1110,1/2/2022,Kasreman,9,Loss
Lemuel Caltera,78,North Korea,2234,12/29/2022,Aoji-ri,7,Win
Lizabeth Guly,79,China,2427,1/7/2022,Liancheng,8,Draw
Rafi Feitosa,85,Chile,2474,8/12/2022,Talcahuano,9,Win
Marsh Santos,19,Indonesia,2825,2/8/2022,Pasinan Barat,8,Loss
Bucky MacScherie,48,Philippines,1881,4/19/2022,Pangian,1,Draw
Marcie Loving,21,Peru,1834,10/21/2022,Salas,11,Win
Darb Antrum,49,United States,1907,9/21/2022,Providence,9,Draw
Jeniece Fache,22,Colombia,2843,11/2/2022,Baranoa,2,Win
Brit Keaveney,23,Ukraine,1905,12/4/2022,Krasnodon,5,Loss
Charlena Wagerfield,51,Philippines,2018,3/10/2022,Osias,1,Win
Colene Hallmark,28,Indonesia,1120,9/28/2022,Jenggawah,2,Loss
Caspar Killby,29,China,2449,11/1/2022,Bao’an,2,Draw
Ranice Dumphrey,59,Indonesia,2998,2/20/2022,Gudang,2,Draw
Casey Boundy,67,Indonesia,1554,8/27/2022,Dawan,10,Win
Ermentrude Dunlop,84,China,1522,7/25/2022,Yanmenkou,2,Win
Myrtia Keys,25,China,1773,6/21/2022,Huatai,14,Draw
Meade Burman,48,Indonesia,2616,7/23/2022,Ndewel,2,Win
Didi Jaye,47,Russia,1617,8/4/2022,Motygino,4,Win
Elicia Serot,32,Russia,1635,3/6/2022,Nagornyy,14,Draw
Sergio Tosdevin,73,China,1611,10/13/2022,Wuqu,5,Win
Ursa Grazier,64,Madagascar,1277,3/26/2022,Mahajanga,2,Draw
Damita Jouen,72,Peru,2865,1/16/2022,Huachos,15,Win
Nannie Mawer,66,Indonesia,2278,7/28/2022,Nangtang,4,Win
Cathryn Reye,49,Indonesia,2942,10/15/2022,Bendoroto,3,Draw
Derrek Klampt,18,China,2330,3/31/2022,Yuqunweng,14,Win
Jarrod Shimmans,75,Portugal,2473,5/9/2022,Arcena Pequena,4,Loss
Bekki Huby,79,Malaysia,2946,5/23/2022,Tawau,11,Win
Nadiya Carlesso,82,Poland,2423,10/2/2022,Korczew,9,Loss
Corella Ellerby,27,China,1206,9/13/2022,Fengsheng,15,Draw
Herrick Tesimon,20,China,1791,7/14/2022,Gyangkar,11,Draw
Kelvin Laurant,56,China,1666,6/24/2022,Xinxing,5,Draw
Donella Mearns,62,Canada,1803,4/13/2022,Kitimat,14,Draw
Lydie Cowlam,56,Indonesia,1783,9/27/2022,Sempol,14,Draw
Forest Browne,66,China,1094,4/22/2022,Dongfeng,3,Loss
Taylor Braidford,57,China,1154,3/1/2022,Xushuguan,12,Draw
Em D'Antonio,82,China,1825,7/31/2022,Jiangnan,15,Loss
Maureene Leftly,50,United States,2748,5/19/2022,Houston,7,Loss
Tracy Fredy,43,Mongolia,2444,1/23/2022,Ereencav,2,Draw
Ferrel Coppard,59,Russia,1666,3/21/2022,Svetlyy,15,Win
Siana Labram,81,Sweden,2745,10/4/2022,Stockholm,12,Win
Vanda Lepere,58,Poland,2954,7/19/2022,Stanisław Dolny,13,Loss
Pandora Geoghegan,74,Vietnam,2237,7/28/2022,Thị Trấn Hát Lót,2,Draw
Jimmy Wileman,34,China,1494,9/27/2022,Meishan,13,Loss
Merrill Magowan,76,Madagascar,2508,12/5/2022,Antalaha,7,Win
Sukey Vaz,77,Namibia,1456,8/13/2022,Bethanie,10,Win
Zonda Maty,20,Portugal,1495,8/1/2022,Azenhas do Mar,9,Win
Kent McCorley,20,Mexico,1084,5/18/2022,San Jose,6,Draw
Frankie Coull,47,Guatemala,2606,4/6/2022,San Miguel Chicaj,15,Draw
Sauncho McGuffog,82,United States,2016,9/12/2022,Naples,13,Win
Selia Jasper,43,Indonesia,1813,1/24/2022,Ngeni,2,Draw
Umberto Cooney,20,China,1711,2/12/2022,Hengliang,13,Loss
Yulma Myott,74,Czech Republic,1496,12/23/2022,Horní Bečva,2,Draw
Glynn Boshier,46,Malaysia,2133,7/11/2022,Johor Bahru,14,Loss
Terrijo Blaber,38,Russia,1846,10/26/2022,Kirovsk,4,Draw
Linus Hardin,55,China,2910,2/7/2022,Beiqijia,9,Win
Galven Eastby,76,Saudi Arabia,1918,3/10/2022,Hayil,5,Draw
Betta Trowbridge,29,Ukraine,1406,6/17/2022,Kozova,11,Loss
Paddie Arthan,27,France,1112,1/5/2022,Vandœuvre-lès-Nancy,12,Draw
Nana Rentcome,37,China,1817,7/26/2022,Pagnag,6,Draw
Davie Jaycock,85,China,2684,12/20/2022,Shazhou,14,Draw
Angil Easeman,26,Guatemala,1453,8/9/2022,San Manuel Chaparrón,2,Win
Mareah Peckett,85,Philippines,2736,9/13/2022,San Esteban,5,Win
Bess Zealander,75,Indonesia,1985,5/24/2022,Nonggunong,15,Win
Remy Durrant,68,Bangladesh,1553,4/19/2022,Baniachang,3,Loss
Clay Rylett,28,Indonesia,2469,2/20/2022,Karangampel,8,Draw
Van Pennicard,19,Argentina,1606,11/20/2022,Ulapes,2,Loss
Ashley Chastenet,59,Serbia,1828,6/1/2022,Bogojevo,15,Loss
Darlleen Bullant,75,Indonesia,1260,6/4/2022,Bamban,3,Draw
Lynette Callaby,42,Brazil,2063,10/21/2022,Firminópolis,8,Win
Cassi Whybray,21,Indonesia,2385,11/24/2022,Muara Sabak,15,Win
Gwenora Tooley,43,China,1081,4/27/2022,Rongxiang,13,Win
Elsinore Lear,47,Kyrgyzstan,2478,2/25/2022,Chayek,5,Win
Ramsay Strathdee,21,Poland,2060,12/11/2022,Łaziska Górne,2,Draw
Emmie Von Welden,62,Poland,2580,5/13/2022,Pruchnik,12,Loss
Lilith Obey,38,Brazil,1038,8/10/2022,Juru,14,Loss
Bobby Beisley,47,Indonesia,1790,12/7/2022,Sambogunung,15,Win
Rosie McLellan,34,Indonesia,2839,8/9/2022,Glugur Tengah,7,Loss
Gav Van der Krui,74,China,2815,7/4/2022,Baini,2,Win
Riley Strafen,44,Spain,1777,8/10/2022,Santander,13,Win
Jackson Zorzutti,48,Brazil,1022,12/29/2022,Pôsto Fiscal Rolim de Moura,3,Win
Dara Ends,38,China,1039,1/21/2022,Xinqiao,6,Loss
Alley Gidman,71,Russia,2986,5/1/2022,Topol’noye,7,Loss
Margery Muff,80,Poland,2054,4/30/2022,Długosiodło,3,Win
Mag Ching,74,Greece,2181,5/28/2022,Néa Karyá,9,Win
Mandy Joontjes,64,Mauritania,2665,10/22/2022,Atar,7,Loss
Delphine Shewry,31,Indonesia,1573,8/29/2022,Boro Utara,2,Draw
Stephen Duplan,65,Finland,2298,1/23/2022,Simo,3,Draw
Freida Sissland,41,China,1747,4/23/2022,Pingya,7,Loss
Cesya Pollastrone,70,Vietnam,2006,5/9/2022,Hương Sơn,11,Win
Alys Delacourt,23,Canada,1761,8/27/2022,Houston,9,Loss
Gav Watling,42,Portugal,1153,10/20/2022,Seroa,9,Win
Bee Jeppensen,40,Kenya,1391,1/26/2022,Londiani,1,Draw
Lavina Cullotey,46,China,2228,2/7/2022,Taoyuan,5,Win
Hedy Delleschi,55,Sweden,2104,3/22/2022,Vällingby,7,Draw
Cassaundra Cranton,82,Sweden,2782,8/24/2022,Uppsala,7,Draw
Ofella MacAindreis,74,United States,1580,10/6/2022,Gainesville,7,Loss
Jillian Edmonson,69,United States,1825,9/24/2022,Boca Raton,13,Win
Morty Swire,77,Portugal,1305,10/2/2022,Beijós,9,Win
Tull Bloggett,55,Poland,1176,3/25/2022,Szydłowo,6,Win
Rossie Poultney,22,Japan,2922,6/27/2022,Iwanuma,10,Win
Edmund Beche,67,Bolivia,2831,5/7/2022,San Juan del Surutú,12,Draw
Valle Tribell,80,China,1958,1/25/2022,Yuanhou,5,Loss
Birgit Rapaport,53,Brazil,2065,2/20/2022,Betim,8,Loss
Charil Fonzone,74,Sweden,1314,6/9/2022,Nybro,14,Loss
Cori Lownds,68,Iran,1171,6/19/2022,Hashtgerd,3,Win
Halie McKie,41,Philippines,2709,2/20/2022,Marcos,7,Draw
Courtney Thomlinson,77,China,1950,10/28/2022,Dongjia,2,Win
Juan Bigham,64,Indonesia,1848,5/1/2022,Sawangan,4,Draw
Harold Hosier,22,Poland,1643,2/9/2022,Bobrowice,15,Draw
Paco Polini,44,United States,2378,3/29/2022,Annapolis,4,Loss
Gustave Lacey,48,Estonia,2515,6/12/2022,Sauga,3,Draw
Ulick Hardcastle,74,Poland,2988,4/4/2022,Głuchów,3,Draw
Oralle Thursby,36,Russia,2753,7/18/2022,Novikovo,13,Loss
Astrix Karpenko,47,China,1002,10/15/2022,Zhongling,5,Win
Roseanna Heinschke,78,Indonesia,1497,6/1/2022,Sidaharja,14,Win
Felizio Vennart,18,Sweden,2194,10/2/2022,Visby,5,Draw
Mychal Ricard,71,France,1971,1/2/2022,Nice,1,Draw
Mag Drinan,76,Argentina,1947,7/29/2022,Granadero Baigorria,15,Draw
Fabiano Groarty,24,Japan,2150,11/2/2022,Imari,5,Loss
Lamond Vanlint,31,Uzbekistan,2056,6/21/2022,Mŭynoq,4,Win
Kelci Manvell,54,China,1806,6/25/2022,Taiyuan,5,Draw
Rochella Motto,56,Liechtenstein,2288,2/25/2022,Schaan,4,Win
Gan Spuffard,34,Morocco,1108,8/4/2022,Jerada,11,Win
Concettina Birtchnell,39,South Korea,1722,10/27/2022,Hwasun,5,Draw
Costanza Carrabot,58,Thailand,2382,4/7/2022,Su-ngai Kolok,6,Win
Alice Burlingham,46,France,1561,6/21/2022,Tournan-en-Brie,1,Win
Rosemary Wilstead,31,Argentina,2698,6/2/2022,Santa Rosa,6,Draw
Rockey Jancso,68,Italy,1179,8/4/2022,Padova,10,Draw
Hayward Everall,53,Greece,2865,10/26/2022,Psychikó,3,Loss
Kendra Beddoes,44,Brazil,2715,7/30/2022,Matão,4,Win
Giulietta Torrans,29,Yemen,1933,5/6/2022,Madīnat Lab‘ūs,13,Draw
Tressa Clinton,84,Suriname,2895,10/22/2022,Paramaribo,4,Win
Kerr MacIlory,66,Czech Republic,1659,2/19/2022,Netvořice,10,Draw
Aubrie MacTavish,33,Indonesia,1314,2/10/2022,Talun,14,Win
Rebecca McKimmey,18,China,2753,8/17/2022,Yushikalasu,1,Draw
Cynthie Meany,61,China,2192,9/12/2022,Zoushi,3,Loss
Hyacintha Stockle,76,Greece,2756,10/29/2022,Pentéli,10,Win
Haskell Jurn,56,Kosovo,2512,4/27/2022,Strellc i Epërm,6,Loss
Purcell Gossling,34,Mexico,1477,4/1/2022,Francisco Sarabia,15,Draw
Matty Osinin,30,Indonesia,2267,12/25/2022,Nakajah,3,Draw
Antonella Chidgey,24,China,1920,1/30/2022,Luoxiong,8,Win
Madalena Sausman,64,Finland,2108,11/19/2022,Viitasaari,2,Win
Melisandra Hardway,80,United States,2765,10/16/2022,Dallas,13,Win
Walsh Reade,41,Ivory Coast,1213,10/17/2022,Sinfra,6,Win
Philippa Ruddell,37,Indonesia,2323,3/9/2022,Margoyoso,9,Loss
Paxton Kinnock,33,Haiti,2065,1/15/2022,Thomassique,8,Draw
Read Fullicks,31,Russia,2469,10/24/2022,Tonshayevo,11,Win
Franciska Folonin,26,China,1296,11/4/2022,Shanshu,15,Win
Barbey Derell,46,China,1933,7/28/2022,Hengjiang,14,Win
Ignacius Weston,22,Indonesia,2182,2/10/2022,Klayusiwalan,3,Loss
Jessie Reimers,65,Sweden,1383,12/21/2022,Askersund,7,Win
Fernanda Leach,68,Armenia,1986,6/10/2022,Surenavan,14,Draw
Sallie Bovaird,70,Myanmar,2962,6/10/2022,Sagaing,15,Loss
Asher Clowney,48,France,1493,11/13/2022,Aubervilliers,2,Draw
Felipe Shevill,26,Spain,1830,12/12/2022,Valencia,1,Win
Byram Lavall,26,Philippines,1402,1/29/2022,Bugcaon,2,Loss
Sofia Burthom,80,Afghanistan,1529,8/10/2022,Qarchī Gak,8,Loss
Cooper Lavall,74,China,1706,4/16/2022,Zhuxi Chengguanzhen,10,Win
Jo-ann Hadny,72,Indonesia,2555,12/27/2022,Campraksanta,5,Loss
Burt Baff,30,Indonesia,1016,4/1/2022,Klole,6,Draw
Rosabelle Wardley,31,Poland,2199,7/17/2022,Komorów,10,Draw
Stacy Weyman,46,Russia,1893,12/29/2022,Berëzovyy,10,Draw
Hedi L'oiseau,51,China,1466,9/22/2022,Tangzang,3,Draw
Florrie Durie,42,Brazil,1962,8/27/2022,Pará de Minas,3,Loss
Winfield Morilla,45,China,1310,8/20/2022,Huoqiu Chengguanzhen,15,Draw
Nels Tuxwell,36,Mongolia,1678,11/5/2022,Tsagaanders,12,Win
Thorsten Poulgreen,18,Poland,1840,9/10/2022,Krzeszów,4,Win
Tobie Auston,50,Germany,2084,12/18/2022,Berlin,10,Loss
Marlo Dary,66,Iran,2662,4/7/2022,Abū Mūsā,13,Loss
Caz McNeilley,26,Nigeria,2012,4/25/2022,Awka,3,Draw
Chad Garmons,33,Russia,1999,7/30/2022,Konstantinovo,13,Loss
Donny Nuttey,79,China,2544,1/4/2022,Turgun,12,Draw
Mommy Airlie,24,United States,1037,9/12/2022,San Jose,15,Loss
Georgeanne Dumingos,48,China,2143,8/25/2022,Bishan,7,Win
Helen Faccini,44,Peru,2433,7/26/2022,Sitajara,10,Loss
Timotheus Custy,57,Indonesia,2917,11/21/2022,Desa Baregbeg,5,Loss
Catina Degli Abbati,60,Portugal,2620,1/25/2022,Castanheira,2,Win
Irene Keaveney,58,Croatia,2776,9/26/2022,Hrvatska Kostajnica,4,Loss
Leilah McCully,59,Argentina,1739,5/29/2022,General Enrique Godoy,2,Loss
Orion Hubbins,55,Iran,2390,4/1/2022,Āshtīān,9,Loss
Joela Sewter,20,Tunisia,1070,2/24/2022,Korba,2,Loss
Enrique Beswick,45,Brazil,2784,11/2/2022,Itatinga,9,Win
Sidonnie Duncanson,20,China,1590,5/10/2022,Chenguang,5,Win
Kalle O'Monahan,50,South Africa,2945,11/26/2022,Nelspruit,9,Loss
Temp Edmott,31,Saudi Arabia,2691,2/28/2022,Tārūt,4,Draw
Doralia Hake,82,China,2067,1/26/2022,Shimen,7,Draw
Simona St Angel,63,Indonesia,1883,9/9/2022,Panyarang,2,Loss
Robin Negal,51,China,2556,11/5/2022,Ronggui,5,Win
Evita Ainge,63,Saudi Arabia,2485,12/7/2022,Al Khafjī,12,Draw
Lucien Lawman,57,Macedonia,2288,8/29/2022,Ilinden,12,Win
Tomasina Spadelli,49,Portugal,2421,7/29/2022,Bicas,2,Win
Annmaria Rogans,45,Vietnam,1709,3/26/2022,Chư Prông,15,Draw
Martha Tommasetti,34,Zimbabwe,1642,9/13/2022,Kadoma,10,Win
Natalina Darycott,24,Philippines,1032,10/31/2022,Iba,8,Loss
Clive Haulkham,57,Pakistan,1123,1/13/2022,Kalāt,14,Loss
Nerte Weston,38,Czech Republic,2126,1/15/2022,Velká Bystřice,4,Draw
Gertie Fandrich,66,Guatemala,1465,5/28/2022,Champerico,14,Draw
Chas Ciobotaro,34,China,1471,8/16/2022,Shangshaleng,10,Draw
Cesaro Devaney,56,Poland,1295,8/11/2022,Czarna Dąbrówka,15,Draw
Willdon Toone,39,China,2666,5/9/2022,Yangliu,7,Loss
Noak Hunday,40,Thailand,1887,5/13/2022,Nam Phong,9,Win
Miriam Wolfindale,79,Colombia,2789,2/6/2022,Orito,2,Win
Daisy Mandal,43,Indonesia,2154,6/5/2022,Cidikit Girang,12,Win
Cris Fumagalli,24,China,1259,9/24/2022,Lenghu,8,Draw
Livia Douthwaite,83,Philippines,2408,6/20/2022,Maribong,9,Loss
Bryna Drackford,22,South Africa,2328,12/19/2022,Newlands,11,Loss
Christean Von Welldun,53,Philippines,1383,1/31/2022,Pangascasan,11,Draw
Martainn Wintour,56,Mongolia,2046,10/15/2022,Mandal,3,Draw
Danila Staveley,46,Russia,1743,10/27/2022,Sovetskoye,5,Loss
Corella Yashanov,59,Canada,1335,3/4/2022,Dieppe,7,Win
Neale Birdwhistell,53,China,2690,5/17/2022,Wadi,1,Draw
Pippo Le Barr,33,China,2700,2/3/2022,Xin’an,4,Loss
Humfrey Binner,31,Indonesia,1823,5/29/2022,Ambarawa,6,Win
Paddie Gillbee,35,Thailand,2049,6/22/2022,Sathing Phra,10,Draw
Bern Freke,47,Philippines,1933,4/3/2022,Gulod,9,Win
Michele Leaver,26,Indonesia,1734,5/21/2022,Palamadu,1,Loss
Della Gorling,50,China,1815,7/21/2022,Wang’er,15,Win
Bruce Scurrah,71,Czech Republic,1635,10/11/2022,Bzenec,15,Win
Linzy Harryman,56,Czech Republic,1629,12/22/2022,Staré Hradiště,1,Win
Edie Wellman,53,Japan,2690,12/21/2022,Toyonaka,11,Win
Carney Sapsford,51,China,2559,12/22/2022,Nansan,1,Loss
Alan Bircher,37,Russia,1722,5/28/2022,Vacha,8,Loss
Bruis McCue,57,Germany,2813,7/28/2022,Hamburg Bramfeld,13,Draw
Ronny Bento,25,Argentina,2712,1/16/2022,Bernardo de Irigoyen,3,Loss
Vivyanne Brilleman,63,Palestinian Territory,1963,1/24/2022,Ţammūn,15,Loss
Reg Tratton,85,Russia,1038,8/13/2022,Khiv,2,Draw
Micaela Kernermann,23,Dominican Republic,1218,8/15/2022,Nagua,3,Win
Teresa Grishkov,20,Brazil,1368,10/8/2022,Ribeirão das Neves,11,Loss
Manda Narup,27,Mexico,2663,5/7/2022,Santa Cruz,10,Draw
Agosto Waltering,18,Greece,2434,4/20/2022,Zográfos,6,Draw
Jayne Craven,23,China,2154,11/19/2022,Kuantian,10,Draw
Wye Steenson,38,China,2676,10/31/2022,Dalianwan,9,Win
Rosana Naulls,18,Sweden,2356,7/7/2022,Karlskoga,8,Win
Marchelle Ruprecht,66,Brazil,2406,4/2/2022,Limeira,2,Draw
Devin Gowen,83,Albania,1082,11/3/2022,Iballë,6,Draw
Dud Adamkiewicz,22,Indonesia,1843,7/16/2022,Tanjungrejo Lor,8,Draw
Rhody Fullman,66,Sweden,2991,9/15/2022,Borås,2,Draw
Isaac Leftly,50,Pakistan,2126,2/17/2022,Khuzdār,6,Draw
Cherish Rossborough,78,Philippines,1542,10/14/2022,Calape,10,Loss
Clarance Connett,26,Georgia,2920,8/8/2022,Kobuleti,14,Draw
Danny Calbert,40,Kenya,2035,1/5/2022,Keruguya,7,Win
Violette Chestnutt,41,France,2722,5/20/2022,Meylan,5,Win
Livia Collumbine,56,Botswana,1684,3/23/2022,Selebi-Phikwe,7,Win
Ashton Raffon,20,Canada,1202,5/14/2022,Estevan,5,Draw
Elias Trymme,59,Sweden,1559,4/1/2022,Hyltebruk,1,Draw
Fairleigh Mettericke,40,Indonesia,1813,7/5/2022,Kaduranca,15,Win
Daune Vearncombe,63,Russia,1445,5/24/2022,Molochnoye,12,Loss
Aigneis Wenden,39,Indonesia,1846,4/6/2022,Kotakan Selatan,9,Loss
Claudianus Soldi,49,Japan,1368,10/19/2022,Nishiwaki,2,Win
Laughton Joist,82,Bahrain,2212,6/18/2022,Sitrah,15,Loss
Barbabra Padillo,60,Angola,2477,5/21/2022,Caxito,3,Win
Jefferson Primett,35,Brazil,2119,10/6/2022,Rio Largo,2,Win
Isidro Arstingall,47,Chile,1128,6/7/2022,Cartagena,11,Win
Heath Ramsden,53,Russia,1541,3/1/2022,Katyr-Yurt,12,Draw
Adriane Medway,77,United States,2707,8/22/2022,Sacramento,15,Loss
Spenser Georgeot,63,Indonesia,2519,6/16/2022,Waikambila,5,Win
Marcos Brackenridge,61,Indonesia,2781,3/10/2022,Mambi,5,Win
Jaine Masse,54,Pakistan,2201,10/13/2022,Jhumra,2,Draw
Carney Ladbrooke,44,Bulgaria,1054,1/20/2022,Velingrad,1,Draw
Veradis Takos,83,Sierra Leone,2262,4/13/2022,Tintafor,1,Win
Robin Dyers,80,China,1495,1/16/2022,Huozhuangzi,8,Loss
Kinny Sharpus,44,Brazil,1101,1/13/2022,Portão,10,Loss
Sebastian Beecham,71,China,1884,5/31/2022,Jieting,11,Draw
Mikel Beccles,23,Indonesia,2502,9/13/2022,Weepangali,8,Draw
Freida Satterfitt,42,Portugal,2148,8/25/2022,Casal da Serra,14,Loss
Emily Pucknell,79,Sweden,2207,12/7/2022,Lidingö,5,Win
Clarette Bonnaire,53,China,2925,4/25/2022,Shatian,14,Draw
Linell Playle,43,Russia,2222,10/3/2022,Rudnogorsk,11,Loss
Lyndsie Dashwood,48,China,1071,12/1/2022,Zhuxi Chengguanzhen,11,Draw
Phylis Argyle,57,Armenia,1358,6/24/2022,Yerazgavors,7,Draw
Rafael Raulston,72,Cameroon,2009,10/29/2022,Ngaoundéré,9,Draw
Bevvy Lucia,81,China,2839,7/10/2022,Dapeng,5,Loss
Sisile McKissack,65,Thailand,1597,9/11/2022,Nong Khaem,14,Win
Suellen Collet,30,Guatemala,1897,11/22/2022,Ostuncalco,7,Win
Celesta Whapham,28,Ukraine,2098,4/14/2022,Stetseva,4,Loss
Paul Coatts,69,Sweden,2588,3/20/2022,Järna,13,Loss
Honoria Kippin,43,Sri Lanka,1659,6/27/2022,Homagama,10,Draw
Kinny Infantino,77,China,2802,11/28/2022,Liangdang Chengguanzhen,4,Draw
Jenn Landman,37,Philippines,1523,3/12/2022,Infanta,13,Win
Sophia Freschini,49,China,2989,9/25/2022,Qimeng,8,Win
